-111.58,75.5495,-81.1228,49.2148,-12.123,0.0443992,5.5847,-16.2456,15.806,-7.31981,3.39511,1.97852,-6.15054,8.74208,-5.84328,1.38835,1.33269,-3.10477,3.89706,-2.60677,1.14016,1.61719,0.968969,4.27388,-1.70365,
-117.841,76.8164,-85.8064,46.2027,-11.4903,-6.27455,11.3747,-20.0619,16.3333,-5.93212,-3.84576,6.91228,-8.16893,11.4907,-5.38964,-2.01264,5.67507,-7.26374,7.02365,-4.88506,-0.784221,3.63758,-7.1402,7.10418,-4.48609,
-117.616,78.7564,-83.6278,46.5467,-10.4861,-5.86704,9.19017,-21.3602,16.7665,-5.8996,-3.31234,7.07302,-10.1842,10.0239,-5.0222,-1.47101,6.17236,-7.56444,5.74569,-5.95465,-1.8507,3.28621,-6.02494,7.90575,-4.69198,
-117.775,77.7646,-82.8853,46.8467,-13.6317,-6.51935,10.2962,-20.6554,18.9379,-3.31973,-0.440923,8.37723,-11.0513,9.75906,-5.15028,-2.16471,5.26418,-7.19032,7.43866,-5.64594,-1.45818,4.71175,-5.26838,8.47576,-4.35503,
-111.008,81.6298,-83.7363,46.2919,-13.9935,-5.05911,10.487,-21.4389,17.8723,-6.71773,-3.79934,5.80537,-10.607,11.1979,-6.5748,-1.10907,6.32179,-9.63718,6.95815,-3.71257,0.666693,4.34024,-6.78857,9.08219,-4.40147,
-113.774,78.3959,-86.5439,45.271,-14.6716,-6.93616,12.0613,-18.8062,19.9592,-3.13616,-1.58565,7.13258,-11.1824,9.73443,-5.50386,-1.97525,5.17197,-7.77287,8.13426,-3.99409,-0.459397,4.96301,-4.70667,10.4988,-1.94838,
-109.471,81.5412,-86.7676,45.8022,-12.7256,-5.90609,9.76507,-23.4482,16.7598,-4.02515,-0.966288,8.57873,-11.0371,8.82991,-5.16599,-0.455722,6.78689,-7.4392,6.71609,-5.51492,-1.84547,3.54125,-5.25996,9.16359,-4.50838,
-112.884,78.8162,-86.286,45.8139,-14.2316,-6.27291,10.8176,-21.8908,16.527,-7.57974,-5.51519,5.17852,-11.7345,10.0938,-4.65788,-0.642898,6.08063,-7.73843,8.14776,-4.26111,-0.973787,4.38065,-6.29616,7.31472,-5.16829,
-110.472,79.3547,-90.2289,42.6362,-13.6058,-4.95789,11.509,-21.1066,17.9139,-4.70427,-2.67448,6.75399,-10.7757,9.85451,-5.45077,-0.742432,5.87024,-8.15028,8.26632,-3.42339,-0.0178293,4.36379,-6.59905,7.57944,-5.03448,
-111.623,77.7646,-88.5262,47.2891,-11.2377,-4.56883,12.2748,-19.5585,18.4422,-6.1144,-3.57039,6.86488,-11.2281,8.19107,-7.05915,-2.10908,3.77728,-8.17567,8.78066,-5.66933,-1.2989,3.96723,-7.1213,8.56755,-4.63888,
-111.819,77.9732,-89.489,43.4027,-15.0402,-5.89094,12.1961,-19.0861,18.8578,-6.22388,-3.15205,5.90168,-13.7358,8.07389,-6.59606,-2.01991,4.95648,-9.44166,7.43616,-4.94523,-2.40295,4.03357,-5.97589,8.10181,-3.67617,
-102.929,78.378,-91.0003,50.9789,-13.3522,-3.53363,14.4677,-22.2213,19.022,-5.40775,-3.66107,6.66486,-11.7617,11.8443,-4.76255,-2.64156,4.68556,-9.41333,6.70804,-4.89151,0.851856,5.68707,-6.69862,8.21137,-5.05329,
-95.9537,84.8372,-92.4757,46.9766,-13.7639,-4.85304,11.2892,-23.8151,18.3276,-5.73236,-4.16435,6.44583,-10.5994,12.1722,-5.06689,-1.46627,6.0174,-8.49625,7.5764,-5.10097,0.162536,5.49826,-7.09423,8.17756,-4.16381,
-104.908,79.8641,-91.4184,44.854,-16.5093,-7.67831,10.1335,-22.2351,18.2112,-6.1628,-4.43071,4.05267,-12.3056,11.7961,-4.32428,0.891201,6.83787,-8.86913,8.22029,-5.41228,-1.80373,3.70625,-7.27754,9.26297,-3.46755,
-97.9744,83.0262,-92.5401,46.7975,-13.0241,-3.48129,11.5418,-20.4466,21.1116,-7.24867,-4.75547,4.50372,-13.7131,11.252,-5.45743,-0.41576,6.35733,-9.16722,8.62073,-4.62124,-0.585809,3.56228,-7.56308,9.50711,-5.60666,
-105.254,78.4801,-90.2371,42.7219,-15.6857,-4.58371,5.39456,-20.3116,17.3874,-6.73521,-1.20635,2.54537,-10.2228,8.31343,-4.73966,0.494968,2.4032,-4.90983,6.11772,-4.40424,-0.627369,2.06398,-2.66747,6.62802,-2.33394,
-104.57,70.838,-84.9222,40.692,-16.4136,-0.225787,7.20153,-14.7306,18.7577,-4.45381,2.80069,2.14364,-7.04449,6.14131,-6.02357,2.38222,0.978505,-3.98792,4.14296,-2.42468,1.53766,0.304057,-2.69946,1.97433,-3.4772,
-109.477,74.5198,-84.1131,44.4844,-10.107,-4.33954,10.8665,-18.9896,18.259,-4.46447,-3.0547,6.80888,-9.86446,8.2295,-6.20723,-1.24473,4.62414,-7.13172,8.19694,-5.75418,-1.85883,3.90975,-6.09078,8.2205,-4.11821,
-108.415,73.68,-87.1172,41.1163,-13.7662,-5.6156,11.8611,-18.4339,17.1565,-6.67076,-4.17588,4.96151,-13.3989,6.83308,-6.91231,-2.88301,3.57759,-9.04157,7.45435,-4.45069,-2.24374,3.32361,-6.27198,7.47037,-3.56135,
-105.51,73.3915,-85.9587,48.4523,-10.2308,-5.16524,11.7815,-19.7027,18.5916,-4.35346,-3.64814,5.17214,-12.5612,9.83423,-3.72261,-1.9323,4.61755,-8.23646,6.51994,-3.92865,0.612936,5.02999,-6.18134,7.0173,-4.56512,
-87.7931,81.3641,-90.9477,45.9913,-14.5378,-4.42641,11.7385,-23.8848,18.1817,-5.03842,-4.06721,6.56048,-10.1007,12.0828,-5.17067,-2.22065,5.48383,-8.3781,6.87633,-5.23989,0.599182,5.36764,-7.08254,8.24859,-4.16567,
-103.293,75.8882,-87.6301,42.0987,-14.815,-7.01186,9.91644,-20.3588,17.6749,-5.32719,-4.48281,3.07488,-11.3302,11.5734,-4.37459,0.973291,6.92856,-8.43979,7.67725,-5.24389,-2.31518,3.1393,-7.01544,8.42273,-3.34489,
-93.1759,78.9039,-89.5599,45.6121,-13.1496,-3.53401,11.3631,-20.0842,20.5053,-6.80315,-4.68728,4.63155,-13.2109,10.7136,-4.86724,-0.110291,6.02089,-8.79333,8.36824,-4.74186,-0.816952,3.2405,-7.56715,9.18534,-5.17147,
-104.364,76.7929,-88.1007,40.7052,-12.3482,-7.64487,6.8083,-21.1459,17.7467,-4.92014,-3.85796,4.32868,-12.2637,8.79975,-5.1789,-1.07427,5.2361,-6.94076,8.49925,-4.71582,-1.50654,4.20568,-4.90085,9.33392,-3.59998,
-102.165,76.1862,-88.9503,43.0238,-14.0115,-8.50668,10.5565,-20.9721,16.716,-4.09816,-4.14599,5.3049,-11.1466,10.2138,-2.00501,-0.559992,5.01149,-7.00108,6.14241,-4.83664,0.311079,4.11723,-5.814,9.19093,-2.66723,
-103.983,75.945,-86.6929,42.3632,-15.486,-7.96776,9.40775,-20.8296,16.7362,-5.61671,-1.72057,7.3507,-10.548,10.3787,-4.92816,-1.26246,4.63136,-8.81513,8.00032,-3.9941,-1.27897,3.33479,-6.90409,7.16594,-5.35342,
-101.746,78.8661,-85.8925,40.9848,-16.2597,-8.18933,9.65325,-19.2787,17.2886,-6.73054,-3.09039,5.65909,-11.3075,11.2062,-4.03882,-0.632286,6.20622,-6.73373,7.02195,-7.1553,-1.73373,4.26391,-6.78824,7.22153,-5.80579,
-107.62,75.5895,-84.7498,43.2012,-12.2191,-5.23964,11.0459,-20.1481,17.9082,-3.1905,-2.66004,7.14996,-7.88262,12.246,-1.71363,0.832734,4.52672,-8.6156,6.44909,-5.20055,-0.69361,3.38926,-6.78596,7.87848,-4.57319,
-108.661,71.5052,-89.3496,41.517,-12.9885,-5.51567,10.2421,-21.5252,15.234,-7.54859,-4.81681,5.30966,-11.354,10.2422,-4.27092,-1.24544,6.26059,-6.67032,7.81817,-3.20743,0.166976,3.72355,-6.21053,8.6759,-3.30388,
-89.9988,77.3316,-95.3023,42.9837,-15.8687,-6.15301,9.83383,-21.6837,20.2548,-5.77419,-2.37485,7.38601,-11.662,12.1595,-4.99874,-2.52391,5.20783,-7.94755,8.45505,-5.0903,-0.570701,4.30371,-7.07243,8.39486,-5.85867,
-85.0188,78.8055,-98.3766,43.5761,-14.8093,-6.56366,11.487,-21.1539,18.5104,-6.26071,-2.43474,7.14717,-12.3555,10.3855,-5.66436,-3.54087,1.97075,-9.67048,9.33461,-3.70157,1.33254,6.51927,-5.33808,9.73641,-4.98931,
-92.0113,74.8408,-94.1417,46.823,-14.8044,-6.17202,11.4814,-24.1179,13.1695,-8.94995,-3.69462,6.11879,-11.4544,9.65267,-5.53504,-0.600466,5.3153,-7.81615,7.58735,-6.07892,-1.84573,4.03963,-5.16853,8.98009,-4.99902,
-95.0838,69.7355,-82.8369,44.3422,-18.3499,-3.18688,2.88895,-16.7896,14.8458,-6.15883,0.985261,-2.85808,-7.03743,3.50282,-5.69619,1.79834,-2.17817,-0.647169,1.33041,-2.23671,4.26204,-0.670859,-0.441679,1.57728,-0.42813,
-101.016,73.9458,-86.5042,41.5381,-14.6451,-7.82381,8.69415,-20.6042,16.8417,-5.45236,-1.84718,7.12395,-10.4791,10.412,-4.42444,-0.995828,4.63992,-8.88783,7.45275,-3.85724,-0.897349,3.20884,-6.94342,7.14392,-5.25292,
-101.189,76.3354,-84.1697,39.9984,-15.982,-7.92638,8.9071,-20.2969,16.2433,-6.18603,-2.88717,5.32513,-11.5505,10.4888,-4.02658,-0.71535,6.10328,-6.27471,7.40932,-6.60526,-1.88561,4.3978,-6.26452,6.72005,-5.83146,
-104.926,74.144,-83.791,42.2687,-11.8578,-5.23395,11.5749,-19.055,17.7135,-3.29879,-3.4422,6.96536,-7.24103,11.648,-2.28087,0.141976,4.30176,-8.03422,6.30246,-5.11291,-0.990362,2.72423,-6.51631,8.07397,-4.44064,
-106.674,70.8396,-87.1976,40.7579,-11.531,-5.16656,9.81386,-21.639,14.2569,-6.448,-4.16596,5.35805,-10.1477,10.4086,-3.99504,-1.44376,5.3979,-6.25736,8.15968,-3.10496,0.271429,3.72604,-6.17829,8.44301,-3.03965,
-93.2619,73.5192,-92.4282,41.1604,-15.8587,-6.17494,9.35557,-21.0125,19.6677,-5.74999,-2.26903,7.46093,-11.5635,11.1749,-5.10135,-2.4564,5.02808,-8.19188,7.77815,-5.03276,-1.0762,3.84782,-7.2105,7.74442,-5.06758,
-83.2493,77.3344,-96.6487,42.5417,-14.0959,-6.18046,11.0224,-20.9291,18.2138,-5.80458,-2.49679,6.61798,-11.7271,10.5001,-5.77408,-3.55857,1.81297,-9.32744,9.46826,-3.60227,1.50656,6.45808,-5.25002,9.63392,-5.24304,
-89.8268,73.5817,-93.7905,44.3423,-15.7259,-7.57801,11.1542,-23.7439,13.415,-8.47561,-3.80404,6.23937,-12.8425,8.58248,-5.31836,-0.964612,4.84333,-8.48673,8.01202,-5.53322,-2.03309,3.94254,-5.33988,9.70746,-4.38273,
-90.0659,71.775,-97.2629,44.4478,-10.5812,-4.92956,10.1258,-21.519,17.2127,-9.15482,-6.06731,7.33862,-10.2604,9.78354,-4.44865,-0.407977,3.335,-10.2581,8.6288,-3.78123,-0.862594,4.66129,-5.32414,8.47559,-5.88221,
-90.0586,74.0252,-93.0845,43.3158,-16.4171,-7.81546,9.86229,-20.4244,19.494,-6.79952,-4.36364,5.02483,-12.4505,11.7265,-5.25411,-2.92625,4.80994,-7.98033,8.44676,-4.9068,-0.24739,5.2312,-7.45788,7.26336,-4.53882,
-91.622,70.0241,-97.6327,43.8578,-12.9944,-6.55766,9.75961,-23.2491,15.6439,-6.91093,-2.07723,8.56001,-9.77727,11.3068,-5.83499,-2.29325,5.9134,-8.25815,6.03847,-6.5239,-0.677765,5.80364,-5.95778,6.92489,-6.21232,
-88.3758,73.9267,-93.4992,45.179,-17.0185,-9.24277,9.63369,-23.1071,17.2486,-7.06579,-4.79694,6.36332,-12.3159,10.0236,-3.96513,-1.99543,3.90023,-8.06492,7.87191,-4.48448,0.662917,4.51183,-6.04882,9.05486,-6.17565,
-92.7328,74.4198,-91.214,45.7014,-11.1576,-4.54081,13.243,-19.3893,18.9408,-3.72475,-2.97133,5.93442,-11.8195,11.0305,-3.00031,-2.27211,4.78027,-6.57195,7.79418,-5.08613,-1.41165,3.92576,-6.50801,7.53556,-3.7422,
-93.9161,70.4689,-94.3081,44.5143,-11.7095,-3.31101,11.1319,-21.246,19.0721,-5.11696,-2.84456,5.33267,-11.7813,10.9583,-6.62406,-1.85639,5.57725,-8.55912,9.38904,-3.78749,-1.22418,4.54983,-5.55695,8.67372,-5.64107,
-83.1476,70.7198,-100.166,44.9877,-16.3521,-4.59158,11.699,-21.834,20.4634,-5.8522,-1.58961,5.27712,-13.2771,12.8218,-6.1461,0.367776,6.71162,-10.9744,9.48952,-4.37451,-1.24051,4.80443,-7.21098,8.67603,-6.41748,
-86.3446,69.0245,-92.4617,45.9703,-16.6469,-0.0951685,8.14805,-18.4166,17.491,-10.0715,-0.636328,2.62733,-8.49716,9.31312,-6.75895,-0.00240932,2.12484,-3.72882,5.53021,-4.31756,2.97914,3.51339,-3.0731,5.33821,-3.25944,
-86.624,64.4445,-96.3255,41.5457,-13.4302,-0.782893,5.26893,-17.2594,18.1538,-9.68435,-2.04969,3.96213,-6.67323,5.99076,-5.90181,1.31961,-1.67018,-6.59222,6.20403,-1.88078,0.191562,1.07727,-1.00971,4.61043,-3.41182,
-88.4806,71.8325,-92.125,40.7796,-16.7773,-6.91912,9.71486,-20.2768,19.7247,-6.57638,-4.93089,4.78066,-12.4675,10.6107,-5.23358,-2.04895,5.06711,-7.75218,8.52225,-4.69212,-0.190931,4.96939,-7.5867,6.86095,-4.88085,
-89.9637,69.491,-94.5132,42.876,-12.4025,-6.71435,9.43941,-22.3668,15.307,-6.56703,-2.1163,8.1014,-9.66951,11.1978,-5.20889,-2.26267,5.70656,-7.85121,6.06949,-6.32214,-1.02685,5.99837,-5.40697,6.34483,-5.84134,
-86.9549,71.5038,-92.2736,44.1038,-16.7208,-9.926,8.81926,-22.256,17.123,-7.22397,-5.16294,6.07296,-11.6732,9.94326,-4.31926,-2.04219,4.37708,-7.4775,7.46506,-4.67173,0.869687,4.52429,-6.20297,8.76848,-5.89565,
-90.3697,73.1291,-89.0085,45.0796,-11.0797,-5.26642,12.065,-19.3195,18.7805,-3.73154,-3.47192,5.79047,-11.1486,11.1855,-2.35882,-1.95293,4.5507,-6.36626,7.69046,-4.85953,-1.14519,3.9552,-5.87842,7.61543,-4.35129,
-92.8506,68.8262,-91.6243,43.5093,-11.9036,-3.43699,11.7021,-20.0358,18.7082,-4.57178,-2.12221,6.02531,-10.7617,10.9135,-6.29338,-1.66298,5.39534,-8.52918,8.78335,-4.10126,-1.50167,4.33962,-5.37456,8.62627,-5.14106,
-83.2939,67.7501,-98.3034,44.4799,-14.7123,-3.97807,11.7153,-20.9865,19.7804,-6.12383,-2.0151,4.84941,-13.2523,12.251,-6.14663,-0.0719936,6.4868,-10.3932,9.44491,-3.96308,-1.22508,4.42132,-7.32784,8.23154,-5.95117,
-88.1952,70.2895,-93.1568,43.0693,-14.0901,-4.43482,11.2249,-20.8588,18.4436,-6.3174,-3.0237,6.34589,-10.9452,11.34,-6.13296,-1.94336,6.03833,-7.42878,7.94925,-4.85201,1.48249,5.7768,-6.82992,8.74418,-5.0716,
-81.6806,69.2991,-91.6543,49.8382,-17.3886,-3.97731,10.4413,-22.4593,21.912,-8.50626,-2.09054,8.3528,-13.8735,10.6293,-7.60778,-1.187,6.26341,-9.85793,9.87053,-4.48887,0.825244,6.5042,-5.89881,11.3071,-5.61045,
-88.7207,71.0459,-91.2863,45.3253,-12.1196,-4.87905,9.60581,-22.6701,17.4819,-6.26025,-2.84565,7.74629,-11.2115,9.1749,-6.64803,-2.52557,5.93734,-6.02113,8.79819,-5.09233,0.709818,6.4343,-7.03001,7.10689,-4.0633,
-84.753,73.0275,-90.7206,45.1566,-16.8216,-6.98523,10.9275,-22.9452,16.3321,-7.5607,-3.11791,7.18752,-12.6982,9.46119,-6.28693,-3.04209,4.56567,-9.1728,7.26385,-5.42173,-1.92561,4.61834,-5.69136,8.47824,-4.12009,
-91.7849,71.6431,-90.5296,42.2882,-13.2066,-6.40604,10.5822,-19.5197,17.7773,-6.35795,-4.60205,5.02925,-11.7548,9.84505,-4.62207,-0.968689,5.80975,-7.48343,7.66526,-3.94783,0.108736,4.94095,-5.45027,8.36524,-4.3781,
-89.5326,69.0356,-93.3438,45.9412,-9.96672,-3.87043,9.59539,-24.2242,15.278,-6.32553,-3.89417,3.8952,-12.3825,11.2644,-4.89895,-1.26473,5.95864,-7.34473,7.96712,-6.30239,-1.61137,5.32731,-5.91899,8.02826,-4.58104,
-90.4675,70.2096,-91.945,43.6965,-12.9627,-5.88631,9.57826,-22.4837,16.3785,-6.1789,-4.1239,4.33754,-10.8091,13.1981,-2.74369,0.0895374,6.10975,-8.1524,6.54227,-5.74233,-0.681431,3.30436,-6.89717,9.2151,-4.82119,
-90.6206,71.5262,-89.324,45.0113,-13.0528,-5.55248,10.9029,-22.1496,15.4393,-6.35784,-3.13395,5.83234,-10.7653,10.6017,-5.18262,-1.12375,4.70643,-8.26638,7.60293,-6.72987,-2.44545,3.42359,-7.29646,7.40568,-5.64174,
-82.1367,72.3325,-95.3374,41.9528,-16.3307,-6.03105,10.9836,-20.797,16.0119,-7.23327,-2.61198,5.2174,-11.0629,9.91908,-6.71601,-3.76053,2.05789,-8.99273,7.45113,-3.74463,-0.774906,3.93547,-5.28518,7.56491,-3.04216,
-84.1608,70.0006,-93.8425,55.2609,-20.2014,-3.6386,7.85798,-24.7202,24.8877,-8.35512,-0.112303,9.38312,-14.0699,10.1608,-7.93541,0.56999,6.06887,-10.4572,8.65754,-5.81015,0.511003,6.19589,-5.23231,11.123,-5.56105,
-91.4268,75.6982,-94.1656,47.5528,-13.6285,-5.63122,10.3684,-23.0674,18.2576,-7.24561,-3.36086,7.69685,-11.8124,10.227,-6.75967,-2.3182,7.29835,-5.44633,9.80376,-4.95533,0.648143,6.80475,-6.93586,7.75088,-4.14896,
-88.228,77.3665,-93.4474,47.5242,-16.9756,-5.97156,12.2197,-23.5665,17.023,-8.1913,-3.04174,7.48158,-13.8404,8.93841,-7.25682,-2.61986,5.37991,-9.36718,8.04245,-5.4764,-1.76176,4.94191,-6.28782,8.91863,-4.04489,
-94.2822,75.1634,-95.2703,44.2843,-13.6421,-6.50872,10.0682,-21.6456,17.8389,-7.67644,-5.14683,5.13084,-11.8701,11.6001,-4.57732,-1.41962,5.52233,-8.27519,8.12571,-4.28602,0.246989,5.28818,-6.36013,7.78711,-5.76911,
-93.4959,74.0655,-95.1997,47.4133,-12.1141,-4.86013,11.0273,-23.4136,17.2721,-5.90984,-3.5091,5.07058,-12.9301,10.4284,-5.68614,-1.33466,6.17847,-7.93016,7.46783,-7.03156,-1.80723,5.36816,-5.97578,8.89914,-4.20212,
-93.0462,74.283,-95.4921,46.9285,-12.7695,-5.96529,9.59583,-24.1256,17.0969,-6.53175,-4.78486,3.97751,-11.6956,13.7093,-3.09697,-0.0813061,6.71827,-7.93486,7.58153,-5.42724,-0.0953795,4.4481,-6.93377,9.45035,-4.5924,
-94.1319,75.0754,-92.7292,46.9353,-14.0875,-5.2758,10.9383,-22.7663,17.0359,-7.73473,-3.39556,6.26031,-11.7215,11.9659,-4.75545,-1.11546,5.02731,-8.48626,7.93772,-7.7084,-2.65248,3.39457,-7.94968,8.52929,-5.58271,
-87.1894,76.3203,-99.4708,43.8337,-15.8576,-6.69718,12.6284,-22.2915,16.3218,-7.34002,-3.61054,6.11979,-11.8782,10.5326,-7.49754,-4.38318,2.65664,-10.3847,8.5322,-4.48037,-1.0976,4.57683,-7.18437,8.0934,-4.19175,
-87.2225,78.8724,-93.419,47.7938,-15.4074,-6.43834,11.883,-21.9459,19.5969,-5.41036,-1.47366,9.35207,-10.7712,13.3003,-2.90332,-1.30723,5.61476,-9.71175,7.07195,-4.99259,-2.07456,4.70798,-5.77109,7.99676,-4.34506,
-96.7291,74.9741,-93.8737,43.7032,-13.213,-6.1041,9.04863,-21.7899,19.0689,-5.83998,-2.80348,7.74992,-10.3567,11.5055,-5.56513,-3.01038,4.63016,-7.7637,9.01136,-4.21084,-0.713054,4.9606,-5.86147,8.43734,-4.63597,
-89.2984,77.005,-95.114,46.382,-14.6199,-5.58383,12.2185,-21.7161,19.0117,-6.15903,-4.00465,5.75526,-13.155,9.69413,-6.07535,-1.96987,5.22905,-8.73553,7.7038,-5.50615,-0.149731,5.88143,-6.41739,7.94342,-5.40062,
-94.4562,76.2568,-94.2339,44.8078,-12.3467,-6.56169,9.50044,-22.501,16.3631,-7.2511,-2.99995,7.78158,-10.4608,10.6816,-5.98014,-2.8234,4.66642,-8.37444,7.87129,-4.01774,0.451407,5.06471,-6.06313,8.5857,-4.75854,
-88.2812,77.6293,-96.0196,43.8924,-16.6609,-5.49142,12.4497,-21.9579,17.929,-7.55876,-2.39599,8.72435,-11.8839,10.1776,-6.10711,-2.13972,5.44237,-8.59574,8.37452,-3.85489,0.357058,3.70414,-7.48248,10.1995,-3.40431,
-90.5807,79.9477,-92.7675,43.2149,-14.7947,-5.40499,10.142,-22.1598,18.8589,-6.225,-2.42076,7.71618,-11.979,11.4535,-4.20668,-2.6981,3.45929,-9.35799,8.4249,-4.63587,-1.82366,3.60483,-7.10945,8.38205,-3.70778,
-83.6749,76.2944,-99.052,47.9964,-15.8746,-6.63678,12.1981,-24.1303,17.5644,-7.11469,-3.64453,7.91018,-11.7673,10.9179,-5.12953,-1.40178,5.23187,-9.47049,7.69584,-5.51361,-0.0513083,6.58613,-6.3659,8.24844,-4.41895,
-84.4272,75.0144,-93.3505,46.361,-17.5533,-0.745468,8.29909,-19.7451,17.4954,-9.3778,-0.610537,2.67215,-8.98957,9.59445,-5.97618,0.0817117,1.05097,-5.42709,6.41089,-3.22337,1.50913,3.26167,-3.08344,3.80341,-3.61498,
-82.5474,72.6009,-87.8084,49.1011,-18.0291,1.92074,3.61138,-16.0314,17.3816,-9.45203,4.73409,1.94963,-2.01998,10.1098,-4.8894,3.13979,-2.13379,-2.22658,2.18206,-3.8927,0.748343,-0.843423,0.557214,0.433855,-0.917548,
-95.541,75.8492,-92.7337,42.7457,-13.6392,-6.48885,9.12088,-21.3687,18.9162,-5.14841,-2.13478,8.0426,-9.8614,11.4143,-5.40608,-2.44703,4.67732,-8.35476,8.38679,-3.82681,0.0410053,5.37267,-5.66096,8.34873,-4.5995,
-88.902,75.4432,-95.3562,46.2576,-14.5935,-5.44702,11.6672,-22.2957,18.5934,-6.99623,-4.78804,4.97902,-14.1921,8.50743,-7.14334,-2.19911,5.45071,-8.67327,7.82842,-5.69527,-0.737058,5.49767,-6.37169,8.11551,-5.44045,
-92.8776,76.8225,-94.0171,43.9864,-12.1722,-6.93461,9.74159,-21.3558,17.1683,-5.97136,-2.66062,7.50069,-9.94766,11.2756,-5.28628,-2.66453,4.40092,-8.46295,7.41242,-4.56183,0.0248554,5.13945,-5.86066,8.33825,-4.57199,
-88.9052,76.6863,-95.1731,43.8658,-16.5092,-6.53827,11.4971,-22.4435,17.438,-7.2311,-2.67557,8.51395,-12.1106,9.34534,-5.90492,-2.16038,5.1152,-8.36814,8.64578,-3.1326,0.510337,3.71101,-7.17905,9.8185,-3.38003,
-91.5337,78.9344,-92.167,41.5716,-15.2714,-4.82657,10.3723,-22.2197,17.7612,-7.16325,-2.41013,8.0725,-11.7659,11.1528,-4.5966,-3.02326,3.3133,-9.49003,8.01186,-4.16181,-0.857427,3.49567,-7.51426,8.30665,-3.9158,
-81.5874,76.6997,-98.3774,48.5312,-15.457,-6.9433,11.8714,-24.2397,17.0922,-7.39282,-3.67776,7.9111,-11.5014,11.2872,-4.93185,-1.60751,4.75518,-9.9076,7.48037,-5.54046,-0.275766,6.45848,-5.96534,8.84267,-3.96485,
-87.3441,78.0298,-94.533,44.7149,-14.2664,-4.06514,11.4889,-22.1012,18.6256,-7.24734,-3.31273,6.77714,-12.0424,11.4418,-5.48659,-2.2538,4.07572,-9.33351,9.22285,-4.241,0.529552,6.29542,-7.04516,7.38765,-5.52983,
-81.18,77.101,-97.1897,47.9657,-16.1461,-4.65344,11.5032,-23.8592,19.7147,-7.38675,-2.89822,6.85759,-14.4729,11.0863,-5.67891,-1.52438,5.92683,-10.0265,8.22612,-5.82434,-1.82729,5.60366,-6.42757,8.32688,-5.38727,
-92.4583,77.0194,-92.5231,44.1689,-16.5913,-9.58502,10.3565,-21.0446,17.6325,-6.61406,-3.65959,7.68615,-10.7721,10.5886,-4.94581,-2.49005,5.01744,-8.47257,6.77629,-5.45257,-2.20191,3.57639,-6.90732,6.57616,-5.09561,
-89.9739,75.9275,-96.165,42.539,-16.0608,-5.33028,11.3844,-23.8393,17.0241,-6.83777,-4.23735,6.21342,-12.4851,10.8599,-4.36709,-1.53369,5.32324,-9.41686,7.25929,-4.55506,-2.07056,3.79475,-4.9117,9.85323,-3.90585,
-89.4859,76.1629,-96.1344,42.908,-15.0108,-5.44156,8.98753,-24.7257,17.2942,-7.07219,-3.65714,6.81586,-11.6644,9.92887,-7.06324,-2.44047,3.86023,-10.618,7.51358,-4.80528,0.138686,5.89141,-5.33438,9.35527,-5.5561,
-92.0828,78.5495,-90.1105,44.9308,-15.7884,-7.7907,9.42615,-22.9416,16.4852,-7.38056,-2.70667,7.95292,-11.519,10.8099,-3.59532,-0.566765,5.00011,-9.59526,5.43179,-6.7688,-1.35776,3.81723,-5.86457,9.34063,-5.75733,
-91.7529,76.4823,-92.5807,45.3009,-14.9451,-5.77249,11.1693,-22.7152,18.823,-4.91461,-3.00975,6.64259,-13.3198,8.77852,-6.09911,-2.13022,6.57099,-7.35246,7.14768,-6.24497,-2.00149,5.29068,-5.31099,9.20064,-2.28763,
-94.4153,74.0013,-94.7884,44.8524,-12.4409,-6.00187,10.3935,-21.2505,18.3329,-5.1134,-1.24709,7.52491,-12.2335,10.6681,-4.85459,-2.68689,4.83763,-7.89032,7.24876,-5.83399,-1.07556,4.57369,-6.1084,9.39462,-3.19481,
-90.8353,71.4144,-92.7947,43.8986,-16.0597,-1.57931,5.27231,-19.9289,18.3585,-5.31754,1.69514,3.18125,-7.08436,10.0699,-3.27504,2.02045,2.00788,-3.45841,4.14103,-4.99049,0.393238,1.84543,-1.91364,4.8633,-1.37464,
-71.7097,69.9996,-95.1153,46.4797,-21.6764,0.852383,4.90292,-19.9248,19.5883,-9.45753,1.80311,1.59754,-8.39316,8.52846,-6.634,1.09215,0.453584,-3.90988,3.56,-4.32469,-0.00463413,1.3434,0.755265,3.75224,-2.00743,
-89.1652,75.6422,-90.654,43.3987,-16.5417,-10.0182,9.83222,-20.8773,17.2647,-5.68054,-2.98551,7.20819,-11.3622,9.46752,-4.80193,-1.48563,5.20611,-8.46725,6.60707,-5.65437,-2.27625,3.70867,-6.7568,6.50932,-4.78037,
-89.5608,72.264,-94.6509,42.3854,-14.7544,-5.06104,11.9282,-22.6225,16.7529,-6.21468,-4.32194,5.62916,-12.2899,10.5248,-4.31445,-1.99375,5.0025,-8.68357,7.80499,-3.49382,-1.63907,3.70401,-4.83367,9.09786,-4.10303,
-86.1596,75.1021,-94.6533,41.0746,-15.5206,-5.9043,8.68958,-25.348,16.0709,-6.38791,-3.52123,7.14742,-10.7692,9.72949,-6.50363,-2.43489,3.72459,-10.2956,6.80794,-4.7432,0.041719,5.34948,-5.35538,9.09941,-4.98452,
-90.7872,76.0929,-89.12,43.0166,-14.425,-6.96449,9.54189,-21.8401,16.0957,-7.23112,-3.36877,6.56721,-11.471,10.8722,-3.3883,-0.498119,5.51745,-8.79538,4.81136,-7.28306,-1.56226,3.85758,-5.63562,8.81629,-5.74524,
-90.2549,74.9263,-90.7108,43.5858,-13.2353,-5.2826,10.0202,-22.5503,17.8037,-5.24041,-3.63036,5.84308,-12.8252,8.65686,-5.39478,-1.35895,5.8869,-7.94818,6.9562,-5.53912,-1.64772,4.78036,-5.24361,8.9595,-2.92115,
-93.262,71.3838,-92.1899,44.5139,-12.432,-6.3307,10.217,-20.5433,18.404,-4.65201,-1.41484,7.36229,-11.9047,10.0408,-5.25412,-2.90964,5.19383,-7.05687,7.08917,-5.60469,-0.665306,4.52561,-6.13745,9.07376,-3.12403,
-92.5628,72.6546,-92.7205,43.0675,-11.655,-5.94488,8.98351,-21.5631,18.8537,-3.60149,-2.04016,6.4514,-11.9103,10.61,-2.82784,-0.0924905,5.95775,-7.64543,6.63367,-6.389,-1.81517,5.08717,-5.44699,8.44752,-2.84686,
-93.1486,74.9342,-88.3431,44.6641,-11.0201,-5.05686,9.48726,-21.022,17.3384,-5.74054,-2.50779,5.70422,-11.7336,10.9406,-4.70268,-1.1706,6.79341,-6.065,7.93745,-5.19765,-0.217391,4.12892,-7.01215,8.60785,-4.00595,
-97.5483,71.5618,-90.0397,41.7862,-14.6329,-7.548,10.2471,-21.256,17.3413,-5.01106,-5.84061,4.51511,-10.7631,9.71266,-4.14819,-1.42391,4.24718,-8.30168,7.02652,-4.24886,-0.576205,4.54277,-5.21337,8.09454,-4.11848,
-97.4607,71.3535,-90.3737,42.8944,-11.4608,-4.69512,12.212,-18.2802,19.5231,-3.98819,-4.1152,5.25637,-10.7629,10.0096,-4.02854,-0.397053,4.97257,-7.9713,8.92519,-2.87211,-0.82648,4.19117,-5.16635,8.55171,-3.77951,
-91.4901,72.8569,-88.3511,45.0507,-16.873,-4.87107,9.9391,-24.8007,15.9921,-7.22086,-1.53809,7.07604,-12.1279,12.2697,-4.39063,-0.942508,6.25257,-7.33881,8.29718,-6.01975,1.17689,6.99269,-6.67582,9.39239,-3.68716,
-100.18,72.515,-88.1669,42.0907,-10.4374,-5.86828,9.79594,-19.4973,18.047,-3.30786,-3.1361,5.32675,-10.4748,9.70597,-4.18439,-1.80529,3.13826,-8.43705,7.42449,-4.06728,-0.102287,5.37777,-3.89489,9.16415,-3.89972,
-92.0815,72.2318,-90.2495,41.8755,-20.7417,-8.8524,9.19362,-23.7705,17.0096,-6.35612,-2.54027,6.88862,-12.5532,8.60621,-7.33731,-1.74465,6.22794,-8.27513,6.14649,-6.31561,0.741556,5.64083,-5.23771,10.3889,-5.5771,
-93.8951,72.2245,-88.4822,43.8703,-15.1345,-3.98915,9.91154,-21.6401,18.7642,-6.72574,-1.84797,6.5882,-11.508,12.2057,-5.99483,-2.03014,3.98359,-10.1343,9.07365,-5.06735,-1.31038,5.61238,-5.31244,10.1955,-3.82842,
-91.6498,71.9405,-87.4605,44.2182,-13.0558,-2.1543,6.85214,-18.2967,16.2894,-8.19969,-2.90469,1.61422,-7.66565,9.34561,-3.98528,0.621435,1.33018,-5.37967,4.11147,-4.02347,0.230419,1.59848,-2.36165,5.14823,-2.66042,
-92.5402,75.1569,-88.1517,47.0697,-16.3712,-0.0795862,6.64329,-17.0522,15.5571,-11.1095,0.855167,1.47051,-6.79601,10.9188,-2.9607,3.38447,2.43911,-1.0569,5.51461,-3.86358,1.44157,0.551428,-2.58882,3.38902,-2.40592,
-99.7418,76.2948,-93.1756,43.3554,-15.1021,-6.75473,10.8355,-21.3122,19.1527,-4.99641,-4.39392,5.59031,-11.5469,10.3073,-4.5489,-0.614137,5.56809,-8.33588,7.96148,-4.48451,-0.881055,4.324,-5.9364,8.52476,-4.87208,
-100.713,74.1238,-94.8984,44.7925,-12.0884,-4.97551,11.9612,-19.8472,20.2596,-4.52235,-4.03044,5.72803,-11.7173,10.4658,-4.32853,-0.835978,5.34331,-8.01995,9.15796,-3.55544,-0.967668,4.51579,-5.79264,8.80748,-3.51328,
-94.3676,76.7703,-91.1004,47.8456,-16.9793,-3.36084,11.5512,-25.5292,17.0666,-8.04894,-2.3052,7.40274,-12.1026,13.1907,-4.91464,-1.27938,6.139,-8.06818,8.85312,-6.10657,1.36387,7.39065,-7.03252,9.57177,-4.52802,
-102.298,77.3223,-91.3609,43.6854,-11.2194,-5.51417,10.0777,-20.7884,19.0911,-3.57935,-2.27876,6.96869,-11.3714,10.0033,-3.74306,-1.68078,3.9748,-8.08279,8.07772,-3.94864,-0.377733,5.06904,-4.51733,9.32749,-3.80065,
-94.6191,74.9808,-94.239,44.9264,-21.803,-8.59872,10.5558,-24.8789,17.4131,-7.25292,-2.73547,6.70094,-13.9138,9.15163,-7.37639,-1.38752,6.51564,-9.04602,6.5168,-6.72246,1.01587,6.31606,-5.62187,10.7332,-6.18107,
-98.4044,76.7982,-89.7428,45.6277,-16.5391,-4.52716,10.2558,-21.9739,19.9325,-7.41657,-2.23907,7.4781,-11.7137,11.9461,-6.58136,-1.89321,4.15069,-10.7886,9.02153,-5.54479,-1.34045,5.81451,-5.8057,10.2682,-4.10379,
-95.0209,78.4277,-93.5073,46.0039,-13.0748,-6.40782,10.7558,-21.6167,17.7181,-7.11757,-5.11773,5.05967,-11.2711,11.8194,-4.62646,-1.30598,5.2391,-8.76979,7.43898,-5.33384,-0.64911,4.82693,-5.89622,9.09052,-4.87406,
-99.3821,79.6942,-90.4893,44.4043,-10.8861,-5.15724,9.06487,-23.102,16.0048,-7.93449,-4.75551,7.62144,-9.56918,11.5915,-4.81927,-4.0971,3.12363,-9.30103,6.81737,-3.07682,0.482032,4.08498,-6.70566,6.79894,-5.48749,
-99.8717,80.5949,-89.2994,42.6808,-12.4983,-4.66324,9.46533,-22.4515,17.2714,-6.61487,-5.08001,3.82089,-13.1736,10.6001,-3.92891,-1.78414,4.15429,-8.08347,9.37889,-3.08537,-0.569202,3.91554,-7.0895,7.34665,-4.49163,
-99.9713,76.1105,-91.8782,46.3352,-11.9665,-5.25815,9.65573,-23.2382,17.8807,-4.57621,-2.52217,6.14083,-10.5538,12.7537,-3.46227,-0.26174,5.91953,-8.41435,7.04388,-5.64867,-1.13698,2.31508,-8.75548,7.93844,-5.2926,
-89.2945,80.8355,-95.1894,44.3017,-15.7137,-6.70364,9.04924,-24.2509,17.5685,-6.76488,-2.88067,5.56837,-13.9057,9.50506,-7.7557,-1.31354,8.50501,-7.36636,8.10547,-5.87277,-1.7484,5.35294,-5.75681,8.39746,-5.39342,
-96.1022,78.7708,-93.2539,44.1356,-14.6585,-8.32142,8.71516,-22.4474,18.2963,-5.1955,-2.5041,6.82099,-12.4614,9.81047,-5.57384,-2.72612,4.86258,-8.14991,7.85994,-5.25107,-2.26291,3.96474,-5.74647,8.98146,-3.36738,
-100.2,77.0284,-92.5191,44.37,-11.8233,-5.70033,9.23887,-23.9015,15.6923,-5.36877,-1.45804,7.56135,-11.5532,10.2456,-4.5143,-2.71356,3.04797,-8.64458,8.20383,-4.15884,-0.906252,2.555,-7.23745,9.32166,-3.78785,
-106.616,74.5737,-89.1059,46.6796,-9.26573,-5.20577,8.18373,-22.3674,17.2027,-5.43044,-0.543136,9.69059,-10.5025,9.58771,-4.37549,-0.9585,4.47598,-8.19787,8.12303,-4.8425,-0.934486,4.38017,-6.44685,7.56464,-5.21608,
-99.5415,78.6198,-89.2229,46.8803,-10.4994,-4.55565,8.80299,-23.2895,17.2959,-4.79505,-2.0949,5.80811,-12.7381,9.42339,-4.33199,-1.07853,5.09726,-7.53949,7.26297,-4.24468,0.106614,3.4793,-6.90455,8.1924,-3.96525,
-97.0538,79.9058,-90.9597,44.5209,-11.9017,-0.968321,8.36138,-20.8813,16.9664,-8.11866,-1.90274,7.26954,-5.70661,11.8961,-4.96532,-3.31928,1.22462,-6.08077,5.68286,-2.45342,1.99022,2.71327,-4.45927,4.55987,-5.62997,
-101.247,81.2881,-89.5777,44.385,-12.8121,-5.42594,9.54594,-22.7727,17.5516,-6.67718,-5.51263,4.3486,-12.328,11.399,-3.06674,-0.798048,4.58484,-8.71242,8.90395,-3.50947,-1.56999,3.51581,-6.75868,7.31076,-4.85843,
-99.733,79.2603,-91.5578,45.8447,-13.05,-4.85328,9.74856,-23.4231,18.8251,-4.63903,-2.91918,5.93989,-11.1606,12.337,-4.00336,-0.490432,5.54308,-8.98451,7.66082,-4.72961,-0.215401,3.27058,-8.43461,8.36691,-4.75119,
-92.4616,80.926,-95.3011,45.1456,-15.5287,-6.62072,9.24153,-24.2521,17.5408,-6.99181,-2.6139,5.81918,-14.2971,9.18073,-8.32418,-1.93286,8.70173,-6.76572,8.22379,-6.23901,-2.02446,4.85642,-6.33995,8.5066,-5.07574,
-94.8483,80.6379,-94.5788,44.773,-15.0407,-7.49619,9.10951,-22.9975,18.5354,-6.09533,-2.76693,7.39751,-11.6867,10.7165,-5.74805,-1.81057,5.76665,-8.27011,8.26811,-5.66161,-1.95549,5.13185,-5.49953,8.81013,-4.38995,
-99.5509,78.9975,-93.4493,45.5817,-12.4883,-6.86508,9.86084,-23.599,15.9415,-5.13571,-1.40423,7.81289,-11.6358,10.4094,-4.19653,-3.06963,2.65351,-8.61268,8.3786,-4.27853,-1.21555,2.58981,-7.16565,9.37791,-3.44496,
-106.823,75.8957,-91.0129,46.0809,-9.58731,-4.71238,8.37504,-22.4811,18.1298,-5.06007,-0.145063,10.1784,-10.8523,9.59553,-4.27381,-1.03866,4.25111,-8.87813,7.8445,-4.80642,-1.14277,4.1213,-6.44063,7.61778,-5.57791,
-101,79.6508,-90.3741,47.1113,-10.7105,-4.41886,9.74572,-24.112,16.891,-4.42313,-1.59652,6.28531,-12.9532,9.72799,-4.92779,-1.11934,6.06125,-7.89535,6.97897,-5.33188,-0.392109,4.09416,-6.98934,8.67732,-4.13956,
-104.926,78.0769,-89.5639,45.143,-13.957,-7.48649,8.68332,-22.8082,19.5536,-3.82761,-5.85906,3.21383,-12.82,9.56419,-3.57343,0.35609,4.87828,-8.66384,8.67693,-3.86422,-0.644318,5.00819,-5.71937,8.44504,-3.69413,
-103.339,79.7623,-88.8676,44.5193,-14.5845,-7.16117,9.4027,-21.4647,17.6594,-7.44486,-3.85624,6.52582,-12.1008,10.2194,-5.09975,-1.98689,4.97792,-8.31881,7.96202,-3.97384,0.478702,5.37551,-6.07525,8.18412,-4.76057,
-110.901,77.7527,-83.6737,47.8512,-11.4636,-6.89354,7.79938,-21.8932,17.3405,-7.02337,-3.72472,6.4878,-12.2556,9.03912,-5.14974,-2.04834,4.04024,-8.17436,8.12541,-4.29069,0.419856,5.29082,-6.67614,8.16362,-3.3378,
-109.681,77.4259,-87.5268,45.4896,-9.19503,-2.85598,11.9578,-19.4936,18.6177,-4.77827,-2.59966,6.83685,-10.5901,11.1379,-4.26331,-1.78292,4.94664,-9.13055,6.36345,-4.09979,-0.625794,4.26463,-5.74662,8.11658,-3.782,
-111.38,77.7891,-87.0127,42.6321,-12.3967,-6.25547,8.87859,-22.2509,15.7391,-6.23115,-3.12638,7.59254,-10.1047,8.70667,-6.38863,-1.87283,6.23109,-6.69749,6.91789,-5.55481,-1.31162,3.81258,-7.0333,7.05002,-3.93244,
-106.783,76.317,-90.94,43.72,-13.211,-6.10242,9.2644,-21.6969,17.5299,-7.23037,-4.67462,5.31729,-11.3775,10.8375,-5.60579,-1.90679,5.23258,-8.46237,7.24538,-4.84111,0.201359,4.86264,-6.42282,7.98677,-5.83143,
-106.829,75.241,-92.0011,45.617,-10.3597,-4.78806,10.6513,-21.3773,15.306,-8.98439,-4.27502,6.53112,-10.782,10.4033,-6.39274,-1.9819,5.70129,-8.30566,8.18943,-3.83858,-0.704716,4.1054,-6.76877,7.29761,-5.3531,
-104.139,78.5749,-88.2594,44.1,-15.1189,-6.42461,8.02548,-21.9031,16.8283,-6.63948,-3.34374,4.43672,-10.7967,8.46739,-8.22649,-2.73122,3.58681,-7.30594,8.57951,-3.11978,0.606917,4.32196,-5.31378,7.72244,-4.1301,
-103.834,78.6101,-88.262,47.855,-17.5347,-3.30177,5.39732,-21.4233,19.2216,-2.39588,-0.997588,-1.60811,-8.88065,7.72006,-4.07906,2.40924,-0.184338,-4.93846,5.74244,-2.46111,0.181674,1.00878,-1.17229,4.33249,-1.93775,
-105.911,82.2147,-91.8839,45.7484,-15.048,-7.05577,10.6053,-21.5868,18.3157,-7.95604,-5.03161,5.97785,-13.0519,9.87609,-4.74535,-0.875752,6.00548,-7.99036,8.6148,-3.88542,0.158653,5.42186,-5.73355,8.76098,-4.80822,
-110.602,82.0078,-86.565,49.1538,-12.8338,-8.02556,7.06285,-23.4039,18.026,-6.74454,-2.57587,7.49065,-12.9976,9.41284,-5.3551,-2.35127,4.34828,-8.7,8.01273,-4.2088,0.743178,5.35611,-7.12662,8.26193,-3.74933,
-112.54,79.8315,-89.5185,46.9285,-10.6668,-3.10719,12.7466,-19.4171,19.6043,-5.09918,-2.39934,6.71203,-11.0413,11.8775,-4.92626,-2.06366,4.81866,-9.50522,6.93286,-4.96843,-0.720885,4.65948,-6.55838,8.47767,-3.67711,
-112.744,80.2745,-90.703,43.925,-13.2497,-6.04085,10.102,-23.2891,15.5269,-6.90481,-3.28263,7.9032,-10.5501,9.59757,-5.68179,-1.41456,6.67765,-7.04188,7.75853,-4.5584,-1.20285,3.81938,-7.27614,6.8769,-4.19429,
-110.452,79.0865,-91.7455,45.688,-13.8892,-6.03607,9.33145,-22.4566,18.806,-6.69299,-4.52325,4.64008,-12.8307,10.6228,-6.62115,-2.47738,5.56737,-8.77867,7.03399,-5.38526,0.275243,4.98543,-6.79836,8.7622,-5.3269,
-108.587,78.9282,-94.5284,46.7236,-10.6537,-5.03398,11.4343,-21.519,15.4036,-9.48321,-4.09486,7.26495,-10.7723,11.0545,-5.79015,-1.6524,5.80085,-8.7419,7.95374,-4.13718,-0.610326,4.56029,-6.21708,8.00662,-5.48903,
-105.73,81.8416,-91.5834,46.5027,-15.2153,-7.25387,9.28584,-23.3024,17.9023,-7.1462,-4.32596,5.43204,-12.4476,9.49178,-8.41738,-3.46266,4.21429,-8.91688,9.73682,-3.75362,0.248762,5.37278,-6.74428,8.75046,-4.90012,
-115.7,78.0762,-89.5745,43.9159,-15.5961,-6.57434,10.4722,-23.4903,15.6351,-6.71967,-3.87341,5.99215,-11.1899,10.9702,-4.72674,-1.17779,6.1487,-7.85957,6.59786,-5.29997,-0.0467179,4.12872,-6.52429,9.38806,-3.96749,
-110.751,79.0489,-92.5626,44.8798,-12.9111,-4.29463,11.4975,-21.3575,18.8431,-6.62501,-3.72714,7.7516,-11.7085,8.88632,-5.68587,-1.05975,5.94666,-7.39788,7.35246,-6.94994,-1.95686,3.90362,-6.15735,9.95818,-3.90862,
-113.619,77.8334,-90.7958,47.6868,-10.8475,-5.73622,10.2929,-21.2183,17.8511,-6.93013,-4.50844,6.38787,-10.9246,9.40381,-6.68119,-2.01655,4.62632,-8.63797,7.40875,-6.06484,-1.50979,3.33032,-7.87463,7.62803,-5.43127,
-112.625,76.8031,-91.6805,45.888,-15.7257,-6.47801,10.493,-23.0086,17.1395,-7.19411,-3.08334,6.62415,-11.6262,11.8637,-5.53122,-2.62564,4.72175,-9.08063,7.44874,-5.53937,-0.487854,5.1579,-5.68206,10.3638,-3.67348,
-115.961,77.0225,-90.5586,45.3348,-12.9166,-5.51617,11.0777,-20.5728,19.7803,-3.83727,-1.85884,7.6189,-10.2381,11.8759,-5.30606,-3.37451,5.25319,-7.50812,7.52446,-4.51855,-0.460327,4.44326,-6.68512,7.31371,-4.95442,
-118.252,74.9724,-89.0821,46.4755,-15.1466,-5.23484,15.0199,-17.1097,20.8723,-4.18661,-1.48419,7.99382,-10.9772,10.9185,-4.26651,-0.623943,6.0802,-7.95446,6.42429,-6.52357,-1.2707,3.02561,-7.46378,7.85217,-6.85713,
-117.785,77.6148,-88.4883,45.5003,-13.1496,-6.53586,10.1005,-22.892,16.0851,-5.58907,-2.90218,6.78768,-11.7551,8.33834,-6.85409,-2.01035,6.85231,-6.59228,7.41722,-5.46884,-1.41078,5.35276,-4.98171,7.55044,-4.9208,
-112.289,74.3478,-89.1474,44.3828,-15.5028,-1.18929,4.835,-20.8019,16.6441,-6.17588,0.591675,1.51348,-7.96103,7.52043,-6.17144,1.07281,1.10096,-3.36368,5.67094,-4.80952,-1.35149,0.259226,-1.52854,5.88387,-1.44718,
-116.412,75.2125,-88.8629,45.6605,-18.4377,-3.0396,5.78814,-22.4286,12.9324,-9.17864,0.073407,2.25252,-7.01255,10.0038,-4.23138,1.24023,0.409435,-6.66132,0.832324,-6.37945,-0.000919273,0.410109,-1.55718,7.37391,-0.573212,
-112.992,80.7151,-93.7569,45.8834,-12.6806,-3.09002,12.0181,-22.2163,19.2,-6.77412,-3.68811,8.31119,-11.5469,9.30034,-5.71144,-1.00776,5.79573,-7.96373,7.46841,-6.96393,-1.8867,3.94645,-6.23731,10.5172,-3.8,
-115.265,79.0132,-93.3915,48.3423,-11.2491,-5.81776,10.6515,-21.5611,18.6006,-7.02002,-5.0061,6.50061,-11.136,9.79732,-5.88712,-1.34317,4.91945,-8.82617,7.13793,-6.62135,-1.58035,3.65405,-7.57698,8.29737,-5.1635,
-111.554,80.3429,-92.5105,48.4751,-15.3342,-6.41191,10.24,-23.4207,18.1242,-7.3206,-2.40373,6.9863,-12.3954,12.1595,-5.88387,-2.30072,5.21539,-9.67013,7.91876,-5.53454,-0.686928,5.26522,-6.41934,10.15,-3.62769,
-117.807,78.035,-92.969,45.6369,-14.256,-5.74871,11.9027,-20.5527,20.0736,-4.64291,-2.50887,7.464,-10.1941,12.3171,-5.75345,-3.52266,5.0237,-7.76872,8.32798,-4.32195,-0.299353,4.47809,-6.76095,7.99997,-5.24733,
-118.592,77.2636,-91.1084,46.8553,-16.297,-5.18682,14.5501,-18.948,20.8481,-4.09891,-0.298467,8.97029,-11.4422,11.2236,-4.53673,-0.815679,6.41209,-7.94302,6.79014,-6.33464,-0.390549,3.75992,-7.61279,8.22696,-6.98599,
-119.219,79.3152,-89.2859,47.126,-14.9161,-7.05052,11.1719,-22.5658,17.2863,-5.70855,-3.27805,6.79661,-11.7083,8.93438,-7.55328,-2.35765,7.16047,-7.10038,7.07562,-6.06859,-1.64935,5.27355,-5.29308,7.92898,-5.03394,
-116.2,79.6123,-93.4141,45.3194,-12.1726,-4.53921,9.95932,-24.1942,17.4544,-4.79911,-2.6749,6.18247,-11.9101,10.1098,-5.5953,-1.45186,4.99212,-7.68239,9.56054,-5.52328,-2.75325,3.51753,-6.2604,9.51215,-3.89273,
-120.174,78.3687,-88.3978,49.4503,-11.1972,-3.26986,12.5575,-20.5446,18.3963,-6.31666,-1.34259,8.55295,-9.8398,11.3111,-7.96589,-2.88106,6.2024,-7.90529,8.21034,-6.29611,-2.01273,4.76079,-6.2127,8.745,-4.93735,
-115.523,80.8693,-88.644,49.6613,-11.9083,-3.21866,11.4796,-21.678,19.0635,-7.27156,-2.05833,8.94796,-10.3723,11.5209,-6.7604,-1.91106,5.46044,-9.72559,8.19197,-4.86759,-0.795044,4.56811,-7.18651,8.89522,-4.45586,
-119.259,78.3037,-88.0322,48.09,-15.8972,-4.12277,12.953,-21.1203,20.8622,-4.71733,-1.11893,9.36396,-10.8403,11.2422,-5.2045,-1.30923,4.80606,-10.4345,6.78988,-5.40321,-0.477655,4.22512,-7.21195,8.84116,-5.31432,
-120.182,79.7422,-88.0963,48.7448,-11.8082,-5.79267,11.8688,-21.2649,17.7737,-3.68692,-1.86903,5.56998,-11.3756,11.0101,-5.93303,-2.06543,5.40944,-8.74051,7.01695,-5.71705,-1.98034,3.58311,-6.69715,8.70644,-3.61529,
-120.42,80.8202,-88.3575,45.9449,-13.1264,-7.90433,8.834,-21.058,18.5586,-5.4868,-2.98503,7.43202,-9.45856,11.5538,-4.89421,-1.2757,5.15202,-8.61171,7.17906,-6.02411,-2.07318,4.33012,-4.78811,9.91326,-4.19876,
-117.177,80.9389,-89.9611,47.4426,-12.9275,-6.8028,11.06,-22.272,17.4924,-3.96455,-1.81519,7.47749,-10.0003,11.2952,-4.20508,-0.301225,4.93401,-10.0191,7.28729,-4.3407,-1.08435,4.6254,-5.67295,8.4182,-4.31898,
-117.082,81.0092,-88.023,48.1112,-14.3075,-6.23538,9.44102,-23.1077,19.2964,-6.18533,-4.33372,6.812,-11.2801,10.3497,-5.19914,0.0414784,5.89656,-9.63597,8.20064,-3.71376,0.300585,5.89347,-5.58643,8.54872,-5.11462,
-111.717,79.035,-90.3106,45.3335,-17.6583,-4.45559,5.87514,-19.6583,18.9099,-6.83099,-0.25947,3.29527,-9.29175,8.99018,-5.14243,0.409217,1.97337,-4.8085,7.01592,-3.16401,-0.96512,0.695012,-3.59233,4.76916,-3.12039,
-117.853,68.0537,-85.045,50.3387,-9.09456,5.5745,11.6662,-16.6515,16.048,-7.86257,2.0004,4.38003,-6.26966,7.43766,-10.1728,-2.79996,1.35782,-2.32638,7.31066,-2.25907,1.22281,1.93032,-2.38362,3.84439,-3.06618,
-113.836,77.4466,-85.9581,47.8012,-10.5646,-3.22904,10.2052,-21.7675,17.9424,-6.52458,-2.19288,8.13511,-9.82105,11.0723,-6.86624,-2.64396,4.52448,-9.53346,7.9669,-4.2881,-0.344065,4.87145,-6.69904,8.06877,-4.61691,
-115.398,75.9754,-85.3942,46.5355,-15.0981,-3.34066,14.0609,-19.487,20.2602,-4.67644,-1.37484,9.51248,-10.1558,10.6018,-5.10192,-1.78649,4.50839,-9.71701,6.2473,-5.80376,-1.16795,3.82133,-6.76366,8.62067,-4.67379,
-118.231,76.186,-85.561,46.3082,-11.9449,-6.15956,11.5035,-20.1412,16.939,-3.59522,-0.936737,6.19175,-11.4428,10.4695,-4.45514,-1.66005,4.61112,-8.43314,6.7079,-5.63997,-1.78305,3.31548,-6.88069,8.19815,-3.28725,
-117.303,77.7947,-85.7133,44.9756,-11.8729,-7.96858,8.10109,-20.7021,17.6969,-5.08729,-3.45476,6.30067,-9.30509,11.1737,-4.91067,-1.42863,4.92446,-8.86307,6.53957,-5.51641,-2.45059,3.70425,-4.5373,9.32447,-4.05401,
-114.587,78.6539,-86.5093,45.1771,-12.2373,-6.57803,9.61186,-22.0052,17.4867,-2.89353,-1.21816,7.4143,-9.71218,10.6651,-4.35741,-0.67648,4.99176,-9.12349,6.87626,-4.65166,-1.47205,4.14089,-5.60426,8.00308,-4.16784,
-115.25,77.2156,-85.8572,46.5054,-12.8951,-6.2702,9.75464,-20.984,18.6662,-5.83222,-4.36772,5.97,-10.7814,10.3588,-4.57374,0.267162,5.55969,-9.70861,7.77526,-2.8009,0.607728,5.20271,-5.75789,7.94593,-4.95402,
-112.391,78.727,-88.3556,43.4925,-14.6076,-7.79721,8.8207,-21.1892,18.3149,-5.52345,-3.19639,6.20407,-11.7265,9.69742,-5.70359,-1.89675,5.23746,-7.55799,9.11621,-3.88095,-1.55556,3.59083,-6.77893,7.50194,-4.56444,
-113.202,72.9058,-93.8767,44.8768,-11.4752,-4.20467,9.75148,-23.6308,16.6319,-5.15211,0.396164,10.3248,-9.23945,11.7616,-4.56566,-1.38393,4.11508,-9.80391,7.58719,-5.71692,-2.17846,4.6146,-5.74349,7.49944,-6.32383,
-106.196,80.8533,-89.7299,46.9982,-10.4113,-4.84541,9.17613,-22.3531,18.4567,-5.81745,-3.38611,6.57387,-10.2886,13.3961,-3.83697,-4.15943,1.0958,-11.1306,7.8311,-2.97736,0.213584,3.99885,-7.46304,7.0984,-5.39083,
-109.939,78.0187,-89.5599,47.0074,-13.2872,-8.71016,8.56087,-23.0774,16.5384,-6.12334,-4.80786,4.89547,-11.3084,10.3641,-5.62303,-2.02067,5.15121,-8.26528,7.11528,-5.31185,-0.991834,4.56615,-5.63342,8.70312,-4.5507,
-100.764,79.8378,-95.945,44.0533,-14.2663,-5.23852,10.9951,-22.4904,19.6694,-3.75143,-2.19772,6.12615,-11.9171,10.5962,-6.57702,-1.5,7.13721,-6.99043,8.96519,-4.2734,-0.253788,4.15504,-6.34852,10.2046,-4.12132,
-103.04,78.9026,-94.1111,45.0068,-15.1575,-6.85956,10.2617,-20.754,19.609,-8.25584,-4.75912,6.52376,-12.9756,9.59929,-6.6964,-2.22526,5.97618,-8.21616,9.08792,-3.87341,-0.379089,5.70643,-6.49082,7.03778,-5.45686,
-101.02,81.0537,-92.585,45.095,-17.9028,-9.12262,8.96327,-24.0285,18.9839,-5.42242,-5.02642,5.82865,-11.0399,11.0555,-5.3029,-2.33154,4.20552,-7.90144,8.55285,-6.37223,-2.20298,2.81469,-7.75641,9.41508,-4.08471,
-100.785,82.1984,-91.7335,44.4553,-18.1273,-9.12636,9.67157,-21.2259,19.6991,-7.17167,-4.82754,6.29436,-10.8967,12.3202,-4.82216,-1.87307,4.46992,-9.4847,8.31169,-4.33722,-0.537719,3.89354,-7.41898,8.51812,-5.06675,
-95.1057,79.377,-94.1569,48.9006,-15.8222,-3.83485,9.88329,-22.8414,18.7045,-7.06604,-1.19599,6.6381,-11.3595,9.91363,-5.90403,         ,-3.32899,0.675145,0.73372,
-103.194,58.7222,-76.0269,43.2838,-20.1334,-12.8273,7.18974,-12.74,9.22695,-19.5437,10.6895,12.2889,-23.3255,11.1791,-2.63475,-3.74461,7.2546,-10.1745,3.51287,-5.04633,0.0397893,4.26782,-8.69667,7.8619,-0.775489,
-105.691,57.8201,-75.159,43.614,-20.0825,-12.492,10.1426,-11.1427,9.25461,-15.5885,14.7893,13.7348,-24.2591,9.16668,-0.0125051,-0.937383,5.12213,-10.1026,6.52947,-4.23946,0.333486,5.76463,-8.40021,6.74296,-1.2884,
-105.893,59.5888,-73.8752,43.9143,-17.4598,-9.39316,13.8593,-9.97569,8.27739,-14.6201,11.8707,9.59737,-21.4241,14.1278,1.22068,-2.97736,5.2569,-7.28945,5.44168,-5.77003,1.98124,5.12473,-10.4944,6.09758,-2.02331,
-104.964,62.9824,-73.8749,40.9248,-17.557,-11.9391,12.2105,-10.4355,6.28947,-10.4547,16.7716,8.72054,-22.4039,12.4708,-1.68492,-3.75407,4.98847,-9.55483,4.04454,-4.28566,2.58392,4.88916,-9.6302,6.01706,-2.7602,
-98.5465,61.9858,-76.1104,44.1857,-21.2863,-13.5295,11.8494,-12.8824,7.76852,-12.5031,12.6726,9.08799,-20.4148,13.8622,-1.62372,-2.61605,6.51959,-9.0136,4.22321,-6.16475,1.16329,4.238,-9.9791,7.88646,-1.7202,
-100.957,58.1306,-79.8363,41.8644,-22.8802,-13.3228,14.9281,-11.8172,5.72949,-12.5759,13.1121,6.36224,-22.6944,15.1747,-0.223774,-2.49715,8.50178,-6.1677,5.61204,-5.60592,0.984457,3.87281,-10.0323,8.54855,-0.0839623,
-98.4198,61.2931,-75.693,46.7263,-22.1034,-15.8885,14.0785,-11.3013,6.59943,-11.1709,13.0317,5.37971,-23.2526,14.1968,-1.70071,-5.49832,4.9368,-7.68737,4.64103,-5.49049,3.36102,5.31762,-9.0156,9.61093,-1.03737,
-97.1617,62.1498,-78.3954,42.6331,-22.1734,-13.3617,12.7176,-15.4504,8.06265,-9.72901,9.4106,7.5417,-18.7435,13.7878,-1.01296,-4.40997,4.48739,-8.41383,4.80251,-3.54739,1.98221,2.83412,-8.01955,8.11964,-5.09808,
-97.2516,59.0489,-77.6877,45.5597,-23.6234,-9.95283,14.7068,-16.6818,10.2768,-10.9972,7.18223,7.06588,-20.7071,12.9348,-0.92811,-3.28193,4.60865,-9.35683,6.39445,-4.58833,-1.26358,3.68937,-4.9334,10.4875,-4.14692,
-93.863,60.2439,-77.6533,47.1124,-23.4855,-11.3226,10.8936,-16.1807,14.7482,-11.3572,8.44981,10.8805,-20.5924,12.3381,-2.44425,-4.2181,5.49138,-9.42042,8.98156,-2.70516,-4.38179,2.87839,-4.33685,8.18062,-5.50532,
-96.1079,56.0866,-78.9147,47.7251,-23.0943,-7.13238,12.9374,-16.6593,15.6815,-12.7302,5.11359,8.65418,-18.757,14.0504,-4.38659,-4.12333,4.87344,-10.9924,10.1719,-2.61113,-3.31762,4.32515,-4.62264,9.1376,-5.42359,
-88.4509,60.9089,-78.2611,48.3936,-24.5302,-9.03777,8.26037,-18.758,18.7276,-12.0664,4.73231,7.97083,-19.2564,14.8259,-4.52569,-1.67445,6.18783,-14.2276,8.48763,-4.71614,-5.49352,5.87951,-3.77624,7.2227,-7.48265,
-91.2754,55.4554,-77.7564,48.782,-29.3596,-6.41804,10.477,-16.903,20.5927,-17.0339,4.81153,9.43417,-20.0978,16.5209,-6.04286,-1.22351,7.73891,-13.7702,11.8941,-4.0617,-4.26306,7.54011,-4.11989,9.18076,-7.72086,
-89.2698,55.2592,-80.7612,48.9064,-27.4782,-7.72251,8.48795,-17.1492,20.4681,-16.3596,6.24186,9.6901,-20.1893,16.6717,-7.32857,-2.61776,8.9642,-11.9083,11.9058,-5.02301,-5.86116,5.14165,-6.21342,8.55672,-7.17457,
-88.8053,57.3926,-76.0077,48.4981,-31.2585,-8.66034,8.38959,-15.1121,17.7151,-20.0553,7.07749,9.62702,-19.8876,13.9102,-9.3831,-2.93374,5.75253,-13.9388,10.2357,-4.47015,-5.62748,4.62644,-5.13269,6.81236,-7.09837,
-95.5985,63.4668,-79.9594,44.7204,-25.4952,-10.5883,8.19094,-13.1331,8.74725,-11.7666,10.9502,3.37984,-13.3752,13.9079,-1.31968,-3.29558,0.0371648,-4.23186,1.53857,-2.8378,3.46332,-1.37244,-4.5443,5.20023,-3.21429,
-99.396,63.3988,-80.6477,47.8456,-23.9558,-10.7888,15.447,-16.8697,10.6472,-11.1781,7.37921,7.62445,-20.4134,13.5824,-1.19225,-3.04187,5.04667,-9.57522,6.68914,-4.60391,-0.968774,3.3303,-6.17698,10.6569,-3.92319,
-97.2351,63.3693,-81.0821,48.88,-23.8318,-11.2656,11.7712,-16.8263,14.845,-11.8364,8.64384,10.8578,-21.5129,12.3982,-3.11686,-4.48292,5.72263,-9.59692,9.31531,-3.05574,-4.2809,3.07492,-4.64176,8.80442,-5.56789,
-99.1969,60.0424,-82.2976,48.3991,-24.5677,-8.30045,13.5722,-16.9796,15.8408,-12.9715,5.43486,9.1301,-19.6072,13.6014,-4.25793,-3.46424,5.3043,-10.9055,10.7204,-2.24469,-2.62247,4.24937,-5.33423,9.38579,-5.71595,
-92.7072,63.3755,-81.1941,50.7238,-24.552,-8.30474,9.02834,-19.5636,19.8075,-12.412,4.46018,8.72689,-19.0823,15.582,-4.99696,-2.64794,5.588,-14.6852,8.89647,-4.66475,-4.87121,6.29089,-4.28104,7.45535,-7.81648,
-94.9824,59.809,-80.126,50.6821,-29.0595,-7.18092,10.7083,-17.8686,20.7126,-16.4823,4.59379,9.66914,-20.169,16.1382,-5.82624,-0.717059,7.5339,-14.4401,11.617,-4.37982,-4.53546,7.45543,-4.36462,8.95675,-7.95573,
-91.796,58.4225,-84.7108,50.2829,-29.1989,-9.04591,8.55762,-17.9719,20.5901,-17.6306,6.23492,10.5805,-20.6064,16.9178,-7.4553,-2.32807,9.01482,-12.4702,12.6307,-4.99413,-5.95704,5.31225,-6.01953,9.65563,-7.23499,
-92.9061,62.5605,-78.9167,49.5687,-30.5829,-8.63533,10.0976,-16.6059,19.2177,-19.348,5.71598,10.5588,-20.52,15.6905,-9.32095,-3.55862,7.56575,-14.6316,10.9421,-5.44767,-5.70672,5.82677,-6.78164,7.63527,-8.09734,
-92.9144,61.7925,-82.5445,45.9691,-33.6223,-11.9013,12.0629,-14.3599,20.2036,-14.5959,7.38617,9.73508,-18.8733,16.7956,-8.57226,-2.58141,8.87634,-14.1283,10.5434,-3.86491,-5.20759,5.27405,-4.93017,10.1316,-6.05846,
-93.2993,66.2951,-77.0749,47.2043,-31.5183,-11.1029,9.83735,-18.5906,16.9662,-15.1543,6.34441,10.5798,-17.3906,16.0833,-7.54051,-2.02873,7.94834,-14.0675,9.7463,-4.53536,-3.81019,7.49535,-5.45365,8.25877,-4.84323,
-90.6383,66.493,-77.4289,48.6854,-31.5992,-9.53259,11.5289,-17.6916,18.297,-15.9316,5.83423,9.817,-19.6991,15.876,-8.67969,-6.05412,6.36361,-11.9064,11.5376,-4.83829,-4.78702,5.74938,-6.36054,9.02752,-5.03458,
-86.1841,66.315,-78.308,51.6716,-32.2471,-10.1227,11.2446,-17.6967,15.7051,-21.8884,4.53743,8.62296,-21.3388,15.7913,-11.2762,-5.24437,7.25294,-14.0075,10.9853,-7.5265,-4.8665,8.61214,-7.37925,7.92779,-5.19272,
-85.0474,65.4397,-80.3503,51.8923,-31.5678,-10.2228,11.2416,-15.5721,18.8004,-20.4266,6.45383,10.8096,-20.9444,16.8439,-9.44061,-5.52298,6.59901,-12.367,12.0764,-8.43037,-4.6089,9.35076,-7.81998,8.47713,-3.7275,
-86.6655,64.115,-81.3417,50.65,-32.8849,-12.1396,10.3497,-15.931,18.1395,-20.2339,6.55026,10.212,-21.983,16.659,-8.03666,-5.17395,6.20159,-12.2821,11.9383,-6.7825,-2.12663,9.12385,-9.90524,6.22693,-5.45749,
-85.0759,66.1714,-79.9173,50.3467,-32.6315,-9.62882,10.6926,-16.072,21.9593,-16.5047,7.46175,10.4919,-21.2487,16.9895,-7.86104,-3.22587,7.60176,-13.704,10.5709,-7.64931,-3.07795,9.33207,-9.42928,7.11497,-3.66329,
-79.8307,59.7015,-77.2601,50.7384,-37.664,-4.91463,1.49023,-11.4205,16.8605,-21.746,12.0555,0.119343,-16.8161,11.2965,-7.74928,0.650281,0.856461,-1.73811,6.54105,-4.63987,-0.298619,2.64266,-0.759264,-0.139096,0.549352,
-86.3672,50.3158,-77.7838,40.6783,-37.2734,-9.51826,7.00375,-9.07137,17.8656,-13.4564,11.5783,5.1571,-10.7323,14.2221,-6.88287,2.31741,4.63954,-7.16969,5.97951,-3.44858,-3.41801,0.906581,0.869326,6.26431,-3.10753,
-90.1681,59.0041,-71.5469,44.4871,-30.008,-10.3252,9.13486,-16.4254,17.2581,-13.5712,6.83643,9.5973,-16.8142,15.7199,-7.11094,-1.68744,7.6246,-14.3626,8.40854,-4.28348,-3.51583,6.93812,-5.75911,7.09451,-4.93082,
-86.1128,60.6781,-72.7249,44.5943,-29.6184,-8.55041,10.0116,-17.2608,16.5554,-15.8275,5.8225,10.2242,-18.8846,13.908,-8.68796,-6.25453,5.95376,-10.7591,11.146,-4.30014,-4.64044,5.67436,-5.40446,8.68886,-4.18993,
-82.6845,60.5276,-73.3632,47.6978,-30.1296,-10.9259,9.4837,-16.3361,14.6639,-19.5326,5.0506,8.55932,-19.2841,15.0232,-10.0546,-4.78019,6.9169,-12.5804,10.3884,-6.92074,-4.93685,7.85379,-6.58418,6.97362,-5.17247,
-81.0271,58.5887,-75.2287,48.5936,-31.0717,-10.4799,9.54798,-14.845,17.7464,-19.7862,6.40832,10.0382,-19.8108,16.5103,-9.86979,-6.11805,6.18589,-12.2186,11.3807,-7.94514,-4.63692,9.56562,-6.41716,8.38138,-3.29729,
-80.711,58.6449,-76.7712,48.2495,-30.548,-12.275,9.6788,-14.1585,16.5741,-19.6004,6.63165,9.61031,-21.2864,15.7486,-7.27477,-5.42001,5.31095,-11.4657,11.4883,-6.33428,-2.22243,8.76392,-9.18735,5.62903,-4.86401,
-82.0638,58.7426,-75.0229,47.6342,-30.5466,-8.92945,10.5333,-14.4226,20.4996,-16.1406,6.48415,9.64277,-19.742,16.2217,-7.33659,-3.23157,6.6264,-13.3514,9.73758,-7.40837,-2.85374,9.41314,-8.7553,6.07494,-3.59329,
-80.9028,61.0543,-75.4689,46.3417,-30.4709,-12.5996,8.2761,-14.3153,18.1132,-17.4041,6.57655,8.14902,-23.314,13.8794,-7.08103,-4.43163,7.45594,-9.35998,11.5952,-6.38752,-2.75333,8.64959,-8.37168,6.22727,-3.41436,
-77.8498,60.151,-76.034,49.3329,-31.9167,-10.8824,11.8288,-16.9087,16.1747,-17.515,6.08092,8.92756,-22.1019,16.4239,-5.79499,-5.64699,8.05814,-9.33881,9.4283,-7.4711,-2.97066,8.3966,-9.6219,5.95371,-0.740694,
-81.3414,56.8919,-77.8951,48.7574,-29.9071,-10.026,10.8784,-15.1321,19.3696,-16.7339,7.3858,11.8031,-22.5246,14.7646,-4.5807,-4.65204,7.5507,-10.0184,9.17728,-6.90963,-2.83456,8.89925,-8.34956,5.6746,-1.90155,
-74.5338,61.4411,-76.8577,50.2119,-31.4467,-12.2323,9.76971,-15.7482,18.0814,-18.5784,8.05223,12.3415,-23.2196,14.4041,-6.91757,-6.19806,8.205,-10.1564,9.37234,-6.45555,-2.58085,9.90869,-7.82135,5.15038,-2.61564,
-78.8006,58.5494,-77.3289,50.0644,-30.9749,-13.0587,10.3217,-15.1835,15.6277,-19.2442,8.86676,12.3742,-21.9647,15.7607,-6.25932,-6.48143,6.39455,-11.5552,9.07302,-6.15912,-2.83099,8.10627,-8.90751,5.15936,-3.30043,
-80.2851,59.2805,-79.7111,45.0874,-30.514,-12.9035,10.7862,-14.0365,15.4874,-17.7586,8.53144,10.5468,-22.8711,16.5508,-2.89567,-4.70193,8.22757,-10.0428,6.98352,-7.09385,-2.92556,8.08689,-7.92406,5.60024,-1.82662,
-77.2728,60.9335,-78.4453,45.2264,-34.0271,-13.3966,12.7062,-12.631,15.1033,-19.231,11.1702,12.6382,-23.347,17.9047,-2.47682,-3.52733,10.5702,-10.5842,6.47418,-6.27941,-2.36248,7.76962,-8.82049,6.54866,0.123901,
-80.273,61.7067,-74.6019,47.5285,-31.0284,-12.0125,12.6844,-12.0402,17.8722,-16.7708,7.90777,10.3933,-22.011,15.4952,-6.15224,-6.45404,7.17418,-10.9976,8.53457,-5.69725,-3.49947,8.6685,-5.74077,7.18254,-1.42849,
-79.1324,57.8323,-78.2547,45.8562,-30.5774,-9.67956,6.94771,-16.3364,15.9235,-17.7366,6.35101,7.35843,-19.9847,13.5203,-6.02781,-4.73615,6.03369,-8.24299,6.44225,-5.06193,-1.87885,6.32516,-5.61088,4.41089,-0.492567,
-70.044,52.3448,-72.3153,51.4389,-38.1538,-0.326014,4.40076,-10.3787,15.4499,-18.3584,16.1147,1.48815,-11.8957,12.4479,-5.41819,0.222333,-2.25944,-0.0610502,2.21344,-5.73858,0.740803,0.426407,-0.979695,-2.1995,3.89616,
-81.4479,56.5537,-78.4694,49.2023,-30.2218,-9.73896,11.0894,-15.8557,18.6501,-18.0225,6.86852,12.0055,-22.8675,15.3172,-3.83169,-3.96276,8.92117,-9.66448,9.35753,-6.47081,-3.61663,8.45131,-8.38462,5.54656,-1.05009,
-75.6901,61.5041,-76.8757,50.2667,-30.719,-11.3493,10.0199,-16.1852,18.4875,-17.909,7.22315,12.1022,-22.8161,13.684,-6.95626,-5.73514,7.80851,-10.2189,9.64441,-6.35501,-2.29824,10.1629,-7.82483,4.90005,-2.92234,
-78.1177,59.2352,-77.2506,50.6591,-31.1446,-12.3877,11.0995,-15.1149,15.3975,-19.931,9.42169,12.914,-22.7857,15.7026,-5.90039,-6.16199,6.94156,-11.5249,9.1893,-6.11119,-3.43091,7.49726,-9.23022,5.53124,-2.44133,
-80.7082,59.7486,-79.0226,45.822,-30.5427,-12.7748,10.6852,-14.4584,15.6539,-17.6233,8.07625,10.4851,-21.932,16.6699,-3.97514,-5.19901,8.01491,-10.0726,6.99881,-7.58689,-2.72429,8.42154,-8.00904,5.71256,-2.1617,
-78.0125,60.7406,-78.9912,45.6066,-33.3998,-13.1847,12.9947,-12.5714,15.5216,-18.6107,10.7634,12.3327,-23.403,17.6411,-1.94846,-3.21001,10.317,-10.017,7.34373,-6.08461,-2.55151,8.12247,-8.16384,6.13177,-0.914192,
-80.3762,61.6389,-74.7166,47.9155,-31.8769,-12.1295,13.0935,-12.1775,17.3282,-17.5394,8.41542,10.8536,-22.2232,16.4153,-5.34567,-6.29781,7.40169,-11.0556,8.37315,-6.01194,-3.91414,8.10184,-6.31148,7.49137,-0.752449,
-82.187,58.3726,-79.9944,45.6409,-29.3072,-12.534,8.05669,-17.5804,16.3902,-16.7457,5.33137,9.96093,-20.8631,14.8974,-6.18357,-6.29082,8.00296,-9.80612,7.97518,-5.58064,-2.65127,8.32554,-7.01015,5.84634,-1.57482,
-78.7395,61.3452,-77.4422,48.6103,-29.3394,-13.2226,10.3846,-14.4691,15.6496,-18.755,6.47685,10.2042,-22.0375,16.566,-3.00306,-4.62087,7.26623,-10.7419,7.86835,-5.92287,-2.09323,8.47626,-7.67373,6.15857,-1.59857,
-79.998,60.0557,-76.6395,46.7347,-32.6647,-11.155,9.87373,-16.5262,18.4986,-17.5472,6.73294,11.0354,-22.9694,15.5601,-4.50109,-3.68756,9.92555,-11.4688,7.24156,-6.18385,-4.35102,7.53454,-7.80605,5.30599,-1.71321,
-81.2643,60.5688,-76.913,46.9795,-29.0351,-11.7012,9.20847,-14.9798,15.9113,-20.8675,4.60532,10.2446,-21.574,15.0529,-6.88009,-6.16363,7.94622,-11.0178,9.23908,-4.34924,-3.26134,7.96006,-7.89459,4.50892,-2.30549,
-80.6462,61.0402,-76.6577,46.6571,-30.2009,-10.4116,12.2083,-14.5643,17.1116,-17.3427,6.25963,10.5958,-21.6392,15.3361,-4.87994,-4.55994,9.31816,-10.4606,7.15178,-5.61693,-2.67993,8.69619,-6.50361,5.08949,-3.21995,
-79.7258,62.7734,-76.4982,44.1926,-33.5625,-14.5342,10.2635,-12.7357,18.3227,-17.131,7.8527,11.2454,-22.0009,15.6432,-6.82575,-7.32837,9.92137,-9.26143,7.93301,-4.16289,-2.65035,8.39599,-6.22088,5.74436,-1.36653,
-81.3214,62.7407,-74.6061,45.4474,-31.1251,-11.4519,10.5462,-13.305,19.536,-17.2445,5.6932,11.3998,-20.2682,15.6327,-6.391,-6.34879,9.28804,-9.72372,7.02632,-5.97858,-2.83779,8.45793,-6.70627,4.963,-3.28075,
-84.6486,58.6196,-76.4505,43.9025,-32.6434,-8.3565,14.2036,-13.0381,20.0902,-18.1521,2.71068,10.0681,-20.9169,16.4944,-4.15898,-7.27701,7.55693,-9.76572,6.15999,-5.62078,-1.74182,7.08017,-6.22278,7.6842,-3.06298,
-85.7936,62.1196,-73.0557,44.0592,-29.8626,-9.89032,11.5781,-13.1435,17.5675,-16.9078,5.87018,10.3247,-19.2741,16.1628,-4.70788,-3.81609,8.87027,-9.71106,7.79907,-4.98741,-1.31644,6.31151,-8.70597,6.36935,-3.37611,
-76.7965,61.2433,-77.5902,51.0171,-30.9196,-11.5775,8.16053,-12.8249,16.6702,-18.8758,8.10813,7.81115,-19.8951,15.4691,-3.04458,-2.80573,5.22331,-8.1546,6.39115,-5.65035,-1.56337,5.76144,-5.53646,5.52273,0.207006,
-80.6102,62.2919,-76.9162,49.0553,-31.7372,-10.9114,10.8406,-16.2404,17.9357,-18.0292,7.49883,10.9241,-24.0703,15.8845,-4.27384,-4.42496,9.51226,-11.3263,6.89864,-6.79304,-3.47154,8.45645,-7.71849,5.54408,-2.08118,
-82.0292,61.2286,-79.0054,48.0207,-29.4174,-11.0878,10.0873,-15.2898,16.6563,-20.8338,4.73668,10.7273,-21.9085,14.7013,-7.49169,-5.70521,8.91752,-10.9801,9.49745,-4.27076,-3.31945,7.74839,-8.22698,4.97592,-2.05276,
-82.4716,62.2953,-77.7785,46.7493,-30.7534,-9.78693,12.678,-14.7324,17.7017,-18.0584,5.2331,10.2077,-21.3415,16.801,-4.31625,-4.85407,8.83342,-11.0797,7.25581,-5.79416,-3.03768,8.84736,-6.08491,6.02418,-2.52348,
-81.0091,63.9581,-78.2693,44.5797,-33.3627,-13.222,11.336,-13.3459,18.6503,-16.6777,7.94771,11.8629,-21.4491,15.4609,-7.00549,-6.7037,9.48716,-10.2002,8.19846,-4.23684,-2.66367,8.75741,-6.39595,5.61453,-1.56954,
-81.2411,64.5395,-76.1987,46.0139,-33.0169,-13.028,10.4759,-13.2626,20.0167,-17.2908,6.61315,11.5872,-21.6501,15.4799,-6.177,-5.48923,10.3845,-9.74361,7.23217,-6.34393,-3.56811,8.44943,-6.98881,4.70114,-3.23625,
-85.5791,60.9119,-76.8947,44.3607,-33.0294,-7.93445,13.7644,-14.0414,20.8114,-17.6729,3.23438,10.0803,-21.3527,16.9123,-4.84894,-7.99055,7.44259,-10.3251,6.61154,-5.40344,-2.13846,7.57337,-6.04032,7.3721,-3.04275,
-86.1468,62.8124,-75.155,45.6868,-30.5928,-10.0105,12.785,-13.447,17.8501,-17.0757,6.02577,11.0686,-19.8069,16.3633,-4.48645,-4.65161,8.85275,-9.47227,7.8399,-4.44884,-0.831987,6.16847,-8.9039,6.44041,-3.51225,
-86.0283,62.9612,-74.53,46.0861,-30.9413,-10.0789,11.7776,-15.5661,17.3402,-15.9669,6.3918,10.0182,-21.151,16.3076,-2.77948,-3.58962,8.47773,-8.58303,8.3008,-6.0053,-0.088117,9.15406,-7.10596,7.15275,-3.36703,
-85.1316,61.1003,-74.9395,45.8853,-33.555,-9.7151,9.17388,-15.9368,19.2578,-18.6782,7.18736,11.2767,-19.4323,18.0304,-7.9769,-4.7811,8.98948,-11.5906,8.30757,-8.2884,-2.96591,7.45433,-9.10821,8.48873,-3.06209,
-83.5882,59.2725,-77.4845,47.8748,-31.3985,-7.12431,11.7387,-16.0183,19.6843,-16.7148,7.3637,8.93367,-22.2237,15.892,-8.52107,-3.73662,8.81617,-12.0819,9.86257,-6.86833,-2.24205,8.29359,-9.15821,7.32818,-4.43554,
-88.8318,59.9351,-75.0863,45.7712,-30.4089,-8.79028,10.8404,-13.6676,19.7171,-16.0913,6.83094,7.61134,-22.347,14.411,-8.84983,-2.99659,10.0563,-10.6309,9.24696,-7.12131,-2.44051,7.44116,-9.18399,7.56669,-3.466,
-88.4778,60.6553,-76.1452,44.5994,-31,-11.1272,10.2105,-14.8955,17.868,-13.9948,8.43882,8.04399,-21.022,16.8371,-5.60572,-3.99621,7.94058,-9.78215,8.82921,-7.76896,-2.61198,6.91911,-8.4222,7.8259,-4.26462,
-84.1571,61.5941,-76.5915,47.3046,-32.5745,-13.9704,12.5021,-10.671,16.7356,-18.396,8.71913,9.29488,-21.4461,17.6771,-6.03687,-4.71667,8.52357,-9.67263,9.21282,-6.76532,-1.15093,7.75025,-8.39519,8.52143,-3.82701,
-84.3928,63.7307,-74.5415,47.229,-31.6744,-12.3327,13.305,-12.9604,15.6799,-17.3624,8.15456,10.2717,-23.0205,14.1817,-5.72621,-6.08727,7.58774,-9.38272,7.66019,-5.26299,-0.167507,7.09378,-7.34996,8.62975,-3.46385,
-80.5667,64.5103,-75.466,47.7491,-31.2259,-10.0477,11.4783,-14.5509,17.7484,-20.6702,4.58284,10.2152,-24.0632,13.5647,-4.77691,-2.9964,8.63514,-12.1935,6.30535,-6.53923,-1.65402,7.4496,-7.9684,7.14886,-4.12159,
-83.6655,63.4803,-74.4151,50.2545,-34.1983,-4.53382,8.05743,-11.8157,19.6768,-17.1796,9.36552,4.66589,-17.1218,14.0553,-4.32042,-1.94945,3.32789,-3.53675,5.36833,-5.19487,1.38845,5.20502,-3.33098,1.86918,-1.53039,
-88.1763,65.6611,-77.0975,47.1281,-34.4374,-8.85189,10.191,-16.8526,20.4257,-18.1771,8.12287,12.9323,-19.5611,17.613,-8.56054,-4.65627,8.9565,-12.4599,8.53578,-8.13144,-2.85484,7.73986,-8.64434,9.56691,-3.13889,
-85.8775,63.4566,-80.3069,50.6181,-31.4642,-7.66329,12.3552,-16.2466,19.6743,-18.0503,7.33107,9.07912,-23.022,16.8013,-8.52625,-4.12342,9.35496,-11.6546,10.2654,-7.41433,-2.19065,8.29658,-10.3531,7.0405,-4.60376,
-91.4578,63.3564,-77.8823,48.0443,-32.3235,-9.4344,11.4243,-14.9457,20.0352,-17.0277,6.6584,8.22789,-22.7681,14.722,-9.62254,-3.15609,10.4626,-10.998,9.94833,-7.13424,-2.58943,7.43921,-9.60304,8.21922,-3.40518,
-92.5534,63.4722,-79.4814,45.6343,-31.959,-10.0685,11.6938,-15.0834,19.4163,-14.1916,8.22252,8.63639,-21.4307,16.6369,-6.30249,-3.37016,8.68477,-10.3685,9.30062,-8.07298,-3.23368,7.02485,-8.64394,7.94781,-4.57387,
-87.2818,65.7532,-79.0531,49.2721,-32.4596,-13.0504,13.4346,-11.0539,18.1988,-18.4663,7.82387,8.76436,-21.7716,18.2058,-6.81917,-4.97613,9.13067,-9.5813,9.35562,-8.08238,-2.02339,8.06014,-8.67982,8.37033,-4.30408,
-87.4065,66.9726,-77.8141,49.5465,-32.7111,-13.3117,14.1719,-13.2122,15.7331,-17.9835,9.15572,11.5671,-22.9177,15.2387,-5.87033,-6.65743,7.603,-9.50921,7.58438,-5.94893,0.0549131,7.16975,-7.40692,9.77407,-3.81894,
-83.721,68.3203,-78.2409,49.6057,-32.2931,-10.4436,12.8381,-14.6111,18.3765,-20.9024,4.1953,9.89145,-24.718,13.8093,-4.6982,-2.50736,8.58836,-12.5153,7.25397,-6.68852,-2.16734,7.21163,-7.97297,8.25422,-3.98183,
-84.7612,64.9068,-80.4394,50.5223,-30.76,-8.89534,10.0528,-17.4555,21.4934,-16.3522,7.88062,11.2326,-24.3215,15.8466,-5.97408,-5.54736,9.05032,-11.2055,7.13448,-7.14688,-0.986798,8.9853,-8.24074,8.05521,-2.78229,
-85.9947,68.3902,-79.1996,46.9126,-30.9338,-10.166,11.7132,-15.2571,20.6061,-15.3978,4.55334,9.30333,-20.2527,16.9124,-5.03085,-4.77181,8.34006,-10.0409,7.62376,-6.48214,-0.882972,6.95569,-9.72773,6.92006,-3.37796,
-84.298,67.4063,-80.8276,45.4935,-33.7759,-8.19371,13.7163,-15.9098,20.4357,-17.8331,4.32306,10.8149,-21.6637,17.3852,-4.12361,-4.60189,10.3976,-10.0087,6.71452,-6.50188,-1.98495,7.24481,-8.87366,6.91165,-2.14664,
-84.8199,66.6481,-79.1116,48.5743,-33.4887,-8.86705,12.3799,-17.7126,21.7026,-16.2162,3.86218,11.6077,-20.6985,16.3469,-4.67262,-4.15915,10.4987,-9.30093,8.28967,-5.34846,-1.85554,7.13816,-7.78468,8.17992,-2.26507,
-84.713,68.952,-78.5603,44.9976,-34.4774,-9.67846,9.67374,-19.1056,19.1591,-16.4102,6.6729,11.4887,-19.8496,16.0748,-8.2339,-4.34875,9.15194,-11.9438,9.19632,-5.4738,-1.29224,9.21249,-7.92819,7.3604,-3.21651,
-86.376,68.2972,-76.8258,48.0411,-30.8457,-7.9318,10.1979,-16.5513,21.1451,-17.0146,5.64698,9.38764,-22.0415,16.6427,-6.78323,-3.90907,9.29862,-12.4189,8.36068,-5.08246,-1.84962,5.79637,-9.54288,7.88323,-4.45297,
-87.1411,67.7006,-75.9975,47.3969,-34.5934,-11.5286,7.49129,-18.4212,18.3077,-20.0089,7.62536,11.5419,-23.0425,17.9812,-6.05252,-6.32351,8.86479,-10.6747,8.95635,-6.24814,-1.94849,7.80534,-9.25168,6.73813,-4.04398,
-79.6335,66.4595,-71.5271,49.1481,-36.3945,-2.42883,6.26238,-10.727,19.6308,-19.8046,11.645,4.81471,-18.4821,10.7741,-5.42185,1.11718,2.11863,-5.53298,5.92857,-4.2002,-0.897234,4.22505,-1.588,1.2377,1.15614,
-81.1985,59.0686,-76.8583,52.2732,-34.7917,-1.33083,4.51838,-12.1256,21.4045,-17.4872,14.1035,5.21848,-17.5424,12.1484,-6.7634,-2.17485,2.08668,-3.56605,2.49139,-5.30865,1.68281,3.66479,0.0170713,3.82124,0.807537,
-85.5623,67.8044,-79.6897,48.6164,-30.9578,-9.31662,12.531,-14.948,21.4465,-15.3048,6.19638,10.2016,-21.3706,17.5254,-4.64048,-5.3774,7.73671,-11.1237,7.35291,-6.29965,-0.55911,7.39703,-9.75281,7.1381,-3.14916,
-85.984,67.5499,-81.3252,44.7867,-33.6457,-9.36489,13.0297,-15.4022,20.3224,-17.5468,3.87888,9.95497,-20.7974,17.6692,-4.8306,-4.52992,10.9224,-9.24651,6.80483,-6.93299,-1.54796,7.50982,-9.25597,6.73784,-2.31042,
-84.8553,67.0695,-79.664,49.1224,-32.8123,-8.42333,13.2107,-16.9885,22.0033,-16.2195,4.40399,12.3272,-21.2271,15.9802,-4.6006,-5.01877,10.1345,-9.01499,8.38029,-5.17897,-2.39628,6.55746,-7.67426,8.08075,-2.34784,
-85.48,68.475,-79.8647,44.5866,-35.0261,-9.84165,10.1906,-19.5444,19.062,-16.2719,5.64467,11.3325,-19.5787,15.7756,-7.60117,-3.59405,9.42786,-11.9275,8.86608,-5.29214,-1.01907,9.32695,-7.6941,7.14864,-3.5057,
-85.8319,69.8536,-76.4675,47.905,-31.353,-7.69892,10.5011,-16.9404,21.0155,-17.3699,4.68706,9.3021,-21.0413,17.0415,-7.25661,-4.14221,9.33162,-12.0733,8.90963,-5.19118,-1.8722,6.32877,-9.54703,7.84708,-3.87573,
-86.6423,67.7566,-76.7454,47.7534,-35.1175,-11.2582,7.88466,-17.8722,19.5525,-19.2117,8.81641,11.7688,-23.3655,18.7625,-5.47905,-5.28689,9.74849,-10.7255,8.9181,-6.66475,-2.0997,7.45953,-9.51312,7.1586,-4.67938,
-84.9884,71.622,-74.286,48.8511,-32.4589,-8.86703,11.7234,-14.7725,20.9691,-18.1838,7.40987,11.5601,-25.0171,13.9968,-5.24488,-3.79166,7.8722,-11.5486,10.2517,-5.58894,-2.12216,9.40634,-8.03266,7.155,-1.71136,
-86.6753,69.8403,-77.2551,45.274,-32.3768,-6.65212,10.9615,-19.8003,18.5987,-16.088,4.21546,7.49003,-20.6307,16.3171,-8.11102,-2.25968,10.2763,-12.7706,9.90206,-4.57885,-3.15254,6.84159,-8.5517,7.21631,-3.69721,
-87.561,71.9517,-74.4284,47.4876,-27.748,-6.15639,7.72466,-20.1514,20.9791,-13.6938,6.40434,10.4264,-18.7366,17.696,-7.94565,-4.58683,10.5644,-12.2226,8.11264,-4.39029,-2.38162,8.56133,-7.41077,6.38585,-1.89827,
-90.0157,69.5467,-75.8974,44.3021,-31.9617,-7.4513,8.05401,-22.2547,18.3176,-14.8454,5.19866,9.50729,-20.0156,14.73,-9.87928,-4.95602,10.1484,-11.22,9.96812,-4.22229,-3.97282,6.77289,-7.34407,7.17062,-2.54375,
-90.0329,69.4278,-76.3384,45.262,-29.2604,-4.93217,11.8878,-16.9367,20.3887,-17.8897,3.0228,10.5731,-20.1942,16.2134,-6.50127,-5.80296,9.24338,-10.0182,9.50086,-5.1421,-4.16273,8.5354,-5.15387,8.02273,-0.805147,
-89.4863,67.1198,-79.9177,42.5473,-33.9587,-10.4202,8.21758,-17.5654,18.7355,-18.6487,6.22159,10.0279,-21.8811,17.657,-5.21741,-3.5677,10.1405,-9.48176,10.293,-5.76713,-1.2995,9.08222,-8.64217,7.4405,-2.00125,
-89.2558,68.3854,-76.1213,47.6001,-31.8705,-8.46108,13.1782,-13.7595,24.1399,-14.1141,4.28579,10.1341,-20.3713,15.9097,-5.89957,-4.95913,7.57836,-11.3644,10.1669,-4.54287,-3.63669,7.02924,-8.38927,6.49061,-1.27725,
-85.7294,67.2651,-79.6895,50.6393,-29.7412,-10.9105,12.4748,-14.4495,17.5508,-18.9858,6.3708,9.37672,-23.343,16.8504,-5.60846,-4.83709,10.5441,-8.93586,10.0636,-5.32879,-3.18491,7.3572,-8.51919,6.21587,-2.77878,
-82.4324,68.4219,-80.7769,49.87,-29.752,-9.46477,12.5877,-14.7784,17.7609,-18.0142,5.93157,9.35661,-21.7767,15.4351,-3.61587,-2.23116,7.87731,-10.0283,9.33109,-6.24757,-3.74279,7.68755,-7.36627,5.07343,-2.33569,
